segment,count,MAE,RMSE,R2,MAPE,Within_10pct
Food Processing,34,0.9635379553657112,1.4895786545403646,0.780419290383229,5.971493363071939,73.52941176470588
Refrigeration/Cold Storage,19,0.9001383015406191,1.387692037330663,0.7363580093725741,7.834381113155316,84.21052631578947
Distribution,98,0.7918298977921444,1.219016961137845,0.8457116546716401,7.25993572984803,77.55102040816327
Manufacturing,448,0.7660796955696266,1.139591871589102,0.8515345059317361,7.898261316243092,78.79464285714286
unknown,168,0.7657109173831231,1.141626413572268,0.8456551460637634,7.595373360155841,80.35714285714286
Service,227,0.6654167881450785,1.1052871754361298,0.8392237744398359,5.701983175927892,83.70044052863436
Truck Terminal,21,0.645905437060693,0.7938068671160841,0.7972271212539,5.349832115289172,85.71428571428571
Warehouse,1448,0.6410682761328107,0.9763917967882882,0.8709523314278849,5.697919897018977,86.67127071823204
Showroom,43,0.5830998842508556,0.7662303417508083,0.8997701650819927,5.774267315983417,86.04651162790698
